[{"model": "admin.logentry", "pk": 1, "fields": {"action_time": "2020-08-06T00:35:28.472Z", "user": 1, "content_type": 8, "object_id": "1", "object_repr": "San Francisco", "action_flag": 1, "change_message": "[{\"added\": {}}]"}}, {"model": "admin.logentry", "pk": 2, "fields": {"action_time": "2020-08-06T00:35:35.686Z", "user": 1, "content_type": 8, "object_id": "2", "object_repr": "London", "action_flag": 1, "change_message": "[{\"added\": {}}]"}}, {"model": "admin.logentry", "pk": 3, "fields": {"action_time": "2020-08-06T00:36:20.120Z", "user": 1, "content_type": 7, "object_id": "1", "object_repr": "Post object (1)", "action_flag": 1, "change_message": "[{\"added\": {}}]"}}, {"model": "admin.logentry", "pk": 4, "fields": {"action_time": "2020-08-06T00:36:33.421Z", "user": 1, "content_type": 7, "object_id": "2", "object_repr": "Post object (2)", "action_flag": 1, "change_message": "[{\"added\": {}}]"}}, {"model": "admin.logentry", "pk": 5, "fields": {"action_time": "2020-08-06T03:43:13.222Z", "user": 1, "content_type": 9, "object_id": "2", "object_repr": "Profile object (2)", "action_flag": 3, "change_message": ""}}, {"model": "admin.logentry", "pk": 6, "fields": {"action_time": "2020-08-06T03:43:13.225Z", "user": 1, "content_type": 9, "object_id": "1", "object_repr": "Profile object (1)", "action_flag": 3, "change_message": ""}}, {"model": "admin.logentry", "pk": 7, "fields": {"action_time": "2020-08-06T03:43:36.312Z", "user": 1, "content_type": 8, "object_id": "2", "object_repr": "London", "action_flag": 3, "change_message": ""}}, {"model": "admin.logentry", "pk": 8, "fields": {"action_time": "2020-08-06T03:43:36.314Z", "user": 1, "content_type": 8, "object_id": "1", "object_repr": "San Francisco", "action_flag": 3, "change_message": ""}}, {"model": "admin.logentry", "pk": 9, "fields": {"action_time": "2020-08-06T03:43:50.902Z", "user": 1, "content_type": 4, "object_id": "8", "object_repr": "555", "action_flag": 3, "change_message": ""}}, {"model": "admin.logentry", "pk": 10, "fields": {"action_time": "2020-08-06T03:43:50.904Z", "user": 1, "content_type": 4, "object_id": "4", "object_repr": "hhh", "action_flag": 3, "change_message": ""}}, {"model": "admin.logentry", "pk": 11, "fields": {"action_time": "2020-08-06T03:43:50.905Z", "user": 1, "content_type": 4, "object_id": "6", "object_repr": "iii", "action_flag": 3, "change_message": ""}}, {"model": "admin.logentry", "pk": 12, "fields": {"action_time": "2020-08-06T03:43:50.907Z", "user": 1, "content_type": 4, "object_id": "3", "object_repr": "jjj", "action_flag": 3, "change_message": ""}}, {"model": "admin.logentry", "pk": 13, "fields": {"action_time": "2020-08-06T03:43:50.908Z", "user": 1, "content_type": 4, "object_id": "2", "object_repr": "nnn", "action_flag": 3, "change_message": ""}}, {"model": "admin.logentry", "pk": 14, "fields": {"action_time": "2020-08-06T03:43:50.909Z", "user": 1, "content_type": 4, "object_id": "7", "object_repr": "ooo", "action_flag": 3, "change_message": ""}}, {"model": "admin.logentry", "pk": 15, "fields": {"action_time": "2020-08-06T03:43:50.910Z", "user": 1, "content_type": 4, "object_id": "5", "object_repr": "qqq", "action_flag": 3, "change_message": ""}}, {"model": "admin.logentry", "pk": 16, "fields": {"action_time": "2020-08-06T04:05:23.366Z", "user": 1, "content_type": 9, "object_id": "3", "object_repr": "Profile object (3)", "action_flag": 2, "change_message": "[{\"changed\": {\"fields\": [\"Image\"]}}]"}}, {"model": "admin.logentry", "pk": 17, "fields": {"action_time": "2020-08-06T04:14:32.817Z", "user": 1, "content_type": 9, "object_id": "3", "object_repr": "Profile object (3)", "action_flag": 2, "change_message": "[{\"changed\": {\"fields\": [\"City\", \"Image\", \"Display name\"]}}]"}}, {"model": "admin.logentry", "pk": 18, "fields": {"action_time": "2020-08-06T04:14:55.569Z", "user": 1, "content_type": 9, "object_id": "4", "object_repr": "Profile object (4)", "action_flag": 2, "change_message": "[{\"changed\": {\"fields\": [\"City\", \"Display name\"]}}]"}}, {"model": "admin.logentry", "pk": 19, "fields": {"action_time": "2020-08-06T04:15:10.026Z", "user": 1, "content_type": 9, "object_id": "5", "object_repr": "Profile object (5)", "action_flag": 2, "change_message": "[{\"changed\": {\"fields\": [\"City\", \"Display name\"]}}]"}}, {"model": "admin.logentry", "pk": 20, "fields": {"action_time": "2020-08-06T04:15:26.658Z", "user": 1, "content_type": 9, "object_id": "6", "object_repr": "Profile object (6)", "action_flag": 2, "change_message": "[{\"changed\": {\"fields\": [\"City\", \"Display name\"]}}]"}}, {"model": "admin.logentry", "pk": 21, "fields": {"action_time": "2020-08-06T04:15:46.845Z", "user": 1, "content_type": 8, "object_id": "3", "object_repr": "San Francisco", "action_flag": 1, "change_message": "[{\"added\": {}}]"}}, {"model": "admin.logentry", "pk": 22, "fields": {"action_time": "2020-08-06T04:15:57.634Z", "user": 1, "content_type": 8, "object_id": "4", "object_repr": "Austin", "action_flag": 1, "change_message": "[{\"added\": {}}]"}}, {"model": "admin.logentry", "pk": 23, "fields": {"action_time": "2020-08-06T04:16:12.058Z", "user": 1, "content_type": 8, "object_id": "5", "object_repr": "London", "action_flag": 1, "change_message": "[{\"added\": {}}]"}}, {"model": "admin.logentry", "pk": 24, "fields": {"action_time": "2020-08-06T04:16:21.960Z", "user": 1, "content_type": 8, "object_id": "6", "object_repr": "Hong Kong", "action_flag": 1, "change_message": "[{\"added\": {}}]"}}, {"model": "admin.logentry", "pk": 25, "fields": {"action_time": "2020-08-06T04:19:21.335Z", "user": 1, "content_type": 7, "object_id": "3", "object_repr": "Walk to Golden Gate Bridge", "action_flag": 1, "change_message": "[{\"added\": {}}]"}}, {"model": "admin.logentry", "pk": 26, "fields": {"action_time": "2020-08-06T04:19:48.614Z", "user": 1, "content_type": 7, "object_id": "4", "object_repr": "Bernal Heights Park", "action_flag": 1, "change_message": "[{\"added\": {}}]"}}, {"model": "admin.logentry", "pk": 27, "fields": {"action_time": "2020-08-06T04:20:10.794Z", "user": 1, "content_type": 7, "object_id": "5", "object_repr": "Land's End", "action_flag": 1, "change_message": "[{\"added\": {}}]"}}, {"model": "admin.logentry", "pk": 28, "fields": {"action_time": "2020-08-06T04:20:40.764Z", "user": 1, "content_type": 7, "object_id": "6", "object_repr": "Michelin Star Restaurants", "action_flag": 1, "change_message": "[{\"added\": {}}]"}}, {"model": "admin.logentry", "pk": 29, "fields": {"action_time": "2020-08-06T04:21:04.430Z", "user": 1, "content_type": 7, "object_id": "7", "object_repr": "Coit Tower", "action_flag": 1, "change_message": "[{\"added\": {}}]"}}, {"model": "admin.logentry", "pk": 30, "fields": {"action_time": "2020-08-06T04:21:39.509Z", "user": 1, "content_type": 7, "object_id": "8", "object_repr": "Houses in SF", "action_flag": 1, "change_message": "[{\"added\": {}}]"}}, {"model": "admin.logentry", "pk": 31, "fields": {"action_time": "2020-08-06T04:22:11.726Z", "user": 1, "content_type": 7, "object_id": "9", "object_repr": "Coit - Bernal", "action_flag": 1, "change_message": "[{\"added\": {}}]"}}, {"model": "admin.logentry", "pk": 32, "fields": {"action_time": "2020-08-06T04:22:53.151Z", "user": 1, "content_type": 7, "object_id": "10", "object_repr": "UT Campus", "action_flag": 1, "change_message": "[{\"added\": {}}]"}}, {"model": "admin.logentry", "pk": 33, "fields": {"action_time": "2020-08-06T04:23:33.329Z", "user": 1, "content_type": 7, "object_id": "11", "object_repr": "6th St No Go", "action_flag": 1, "change_message": "[{\"added\": {}}]"}}, {"model": "admin.logentry", "pk": 34, "fields": {"action_time": "2020-08-06T04:24:01.030Z", "user": 1, "content_type": 7, "object_id": "12", "object_repr": "My Austin Favorites", "action_flag": 1, "change_message": "[{\"added\": {}}]"}}, {"model": "admin.logentry", "pk": 35, "fields": {"action_time": "2020-08-06T04:24:18.904Z", "user": 1, "content_type": 7, "object_id": "13", "object_repr": "Hiking", "action_flag": 1, "change_message": "[{\"added\": {}}]"}}, {"model": "admin.logentry", "pk": 36, "fields": {"action_time": "2020-08-06T04:24:43.648Z", "user": 1, "content_type": 7, "object_id": "14", "object_repr": "South Congress", "action_flag": 1, "change_message": "[{\"added\": {}}]"}}, {"model": "admin.logentry", "pk": 37, "fields": {"action_time": "2020-08-06T04:25:22.358Z", "user": 1, "content_type": 7, "object_id": "15", "object_repr": "Small Town Feel", "action_flag": 1, "change_message": "[{\"added\": {}}]"}}, {"model": "admin.logentry", "pk": 38, "fields": {"action_time": "2020-08-06T04:25:41.355Z", "user": 1, "content_type": 7, "object_id": "16", "object_repr": "Getting Around", "action_flag": 1, "change_message": "[{\"added\": {}}]"}}, {"model": "admin.logentry", "pk": 39, "fields": {"action_time": "2020-08-06T04:26:13.500Z", "user": 1, "content_type": 7, "object_id": "17", "object_repr": "Good Food", "action_flag": 1, "change_message": "[{\"added\": {}}]"}}, {"model": "admin.logentry", "pk": 40, "fields": {"action_time": "2020-08-06T04:26:39.854Z", "user": 1, "content_type": 7, "object_id": "18", "object_repr": "Dev Down River", "action_flag": 1, "change_message": "[{\"added\": {}}]"}}, {"model": "admin.logentry", "pk": 41, "fields": {"action_time": "2020-08-06T04:27:08.758Z", "user": 1, "content_type": 7, "object_id": "19", "object_repr": "Green Space", "action_flag": 1, "change_message": "[{\"added\": {}}]"}}, {"model": "admin.logentry", "pk": 42, "fields": {"action_time": "2020-08-06T04:27:27.860Z", "user": 1, "content_type": 7, "object_id": "20", "object_repr": "Favorite Markets", "action_flag": 1, "change_message": "[{\"added\": {}}]"}}, {"model": "admin.logentry", "pk": 43, "fields": {"action_time": "2020-08-06T04:27:49.256Z", "user": 1, "content_type": 7, "object_id": "21", "object_repr": "Housing", "action_flag": 1, "change_message": "[{\"added\": {}}]"}}, {"model": "admin.logentry", "pk": 44, "fields": {"action_time": "2020-08-06T04:28:08.220Z", "user": 1, "content_type": 7, "object_id": "22", "object_repr": "Too Hot", "action_flag": 1, "change_message": "[{\"added\": {}}]"}}, {"model": "admin.logentry", "pk": 45, "fields": {"action_time": "2020-08-06T04:28:33.750Z", "user": 1, "content_type": 7, "object_id": "23", "object_repr": "Deals and Refunds", "action_flag": 1, "change_message": "[{\"added\": {}}]"}}, {"model": "admin.logentry", "pk": 46, "fields": {"action_time": "2020-08-06T04:28:48.722Z", "user": 1, "content_type": 7, "object_id": "24", "object_repr": "Big Ben", "action_flag": 1, "change_message": "[{\"added\": {}}]"}}, {"model": "admin.logentry", "pk": 47, "fields": {"action_time": "2020-08-06T04:29:07.856Z", "user": 1, "content_type": 7, "object_id": "25", "object_repr": "Tea at Museum", "action_flag": 1, "change_message": "[{\"added\": {}}]"}}, {"model": "admin.logentry", "pk": 48, "fields": {"action_time": "2020-08-06T04:29:23.537Z", "user": 1, "content_type": 7, "object_id": "26", "object_repr": "Walking Tours", "action_flag": 1, "change_message": "[{\"added\": {}}]"}}, {"model": "admin.logentry", "pk": 49, "fields": {"action_time": "2020-08-06T04:30:10.234Z", "user": 1, "content_type": 7, "object_id": "27", "object_repr": "Hostels", "action_flag": 1, "change_message": "[{\"added\": {}}]"}}, {"model": "admin.logentry", "pk": 50, "fields": {"action_time": "2020-08-06T04:30:28.959Z", "user": 1, "content_type": 7, "object_id": "28", "object_repr": "Shoreditch", "action_flag": 1, "change_message": "[{\"added\": {}}]"}}, {"model": "admin.logentry", "pk": 51, "fields": {"action_time": "2020-08-06T04:30:49.750Z", "user": 1, "content_type": 7, "object_id": "29", "object_repr": "Southbank", "action_flag": 1, "change_message": "[{\"added\": {}}]"}}, {"model": "auth.permission", "pk": 1, "fields": {"name": "Can add log entry", "content_type": 1, "codename": "add_logentry"}}, {"model": "auth.permission", "pk": 2, "fields": {"name": "Can change log entry", "content_type": 1, "codename": "change_logentry"}}, {"model": "auth.permission", "pk": 3, "fields": {"name": "Can delete log entry", "content_type": 1, "codename": "delete_logentry"}}, {"model": "auth.permission", "pk": 4, "fields": {"name": "Can view log entry", "content_type": 1, "codename": "view_logentry"}}, {"model": "auth.permission", "pk": 5, "fields": {"name": "Can add permission", "content_type": 2, "codename": "add_permission"}}, {"model": "auth.permission", "pk": 6, "fields": {"name": "Can change permission", "content_type": 2, "codename": "change_permission"}}, {"model": "auth.permission", "pk": 7, "fields": {"name": "Can delete permission", "content_type": 2, "codename": "delete_permission"}}, {"model": "auth.permission", "pk": 8, "fields": {"name": "Can view permission", "content_type": 2, "codename": "view_permission"}}, {"model": "auth.permission", "pk": 9, "fields": {"name": "Can add group", "content_type": 3, "codename": "add_group"}}, {"model": "auth.permission", "pk": 10, "fields": {"name": "Can change group", "content_type": 3, "codename": "change_group"}}, {"model": "auth.permission", "pk": 11, "fields": {"name": "Can delete group", "content_type": 3, "codename": "delete_group"}}, {"model": "auth.permission", "pk": 12, "fields": {"name": "Can view group", "content_type": 3, "codename": "view_group"}}, {"model": "auth.permission", "pk": 13, "fields": {"name": "Can add user", "content_type": 4, "codename": "add_user"}}, {"model": "auth.permission", "pk": 14, "fields": {"name": "Can change user", "content_type": 4, "codename": "change_user"}}, {"model": "auth.permission", "pk": 15, "fields": {"name": "Can delete user", "content_type": 4, "codename": "delete_user"}}, {"model": "auth.permission", "pk": 16, "fields": {"name": "Can view user", "content_type": 4, "codename": "view_user"}}, {"model": "auth.permission", "pk": 17, "fields": {"name": "Can add content type", "content_type": 5, "codename": "add_contenttype"}}, {"model": "auth.permission", "pk": 18, "fields": {"name": "Can change content type", "content_type": 5, "codename": "change_contenttype"}}, {"model": "auth.permission", "pk": 19, "fields": {"name": "Can delete content type", "content_type": 5, "codename": "delete_contenttype"}}, {"model": "auth.permission", "pk": 20, "fields": {"name": "Can view content type", "content_type": 5, "codename": "view_contenttype"}}, {"model": "auth.permission", "pk": 21, "fields": {"name": "Can add session", "content_type": 6, "codename": "add_session"}}, {"model": "auth.permission", "pk": 22, "fields": {"name": "Can change session", "content_type": 6, "codename": "change_session"}}, {"model": "auth.permission", "pk": 23, "fields": {"name": "Can delete session", "content_type": 6, "codename": "delete_session"}}, {"model": "auth.permission", "pk": 24, "fields": {"name": "Can view session", "content_type": 6, "codename": "view_session"}}, {"model": "auth.permission", "pk": 25, "fields": {"name": "Can add post", "content_type": 7, "codename": "add_post"}}, {"model": "auth.permission", "pk": 26, "fields": {"name": "Can change post", "content_type": 7, "codename": "change_post"}}, {"model": "auth.permission", "pk": 27, "fields": {"name": "Can delete post", "content_type": 7, "codename": "delete_post"}}, {"model": "auth.permission", "pk": 28, "fields": {"name": "Can view post", "content_type": 7, "codename": "view_post"}}, {"model": "auth.permission", "pk": 29, "fields": {"name": "Can add city", "content_type": 8, "codename": "add_city"}}, {"model": "auth.permission", "pk": 30, "fields": {"name": "Can change city", "content_type": 8, "codename": "change_city"}}, {"model": "auth.permission", "pk": 31, "fields": {"name": "Can delete city", "content_type": 8, "codename": "delete_city"}}, {"model": "auth.permission", "pk": 32, "fields": {"name": "Can view city", "content_type": 8, "codename": "view_city"}}, {"model": "auth.permission", "pk": 33, "fields": {"name": "Can add profile", "content_type": 9, "codename": "add_profile"}}, {"model": "auth.permission", "pk": 34, "fields": {"name": "Can change profile", "content_type": 9, "codename": "change_profile"}}, {"model": "auth.permission", "pk": 35, "fields": {"name": "Can delete profile", "content_type": 9, "codename": "delete_profile"}}, {"model": "auth.permission", "pk": 36, "fields": {"name": "Can view profile", "content_type": 9, "codename": "view_profile"}}, {"model": "auth.user", "pk": 1, "fields": {"password": "pbkdf2_sha256$216000$qQaOyjgnR1ZU$2p+8qoCYFmya4iTWaeY9tdDvM9tg1a9lLGrPKgE63pw=", "last_login": "2020-08-06T04:13:58.272Z", "is_superuser": true, "username": "njh", "first_name": "", "last_name": "", "email": "nathan@nathanjharris.com", "is_staff": true, "is_active": true, "date_joined": "2020-08-05T18:14:36.144Z", "groups": [], "user_permissions": []}}, {"model": "auth.user", "pk": 9, "fields": {"password": "pbkdf2_sha256$216000$UMgpV1j5k1QF$Svgj+pFOjB8VyOF044p8+xGqkqBbn+Kn/ld9vJbggCU=", "last_login": "2020-08-06T04:31:22.769Z", "is_superuser": false, "username": "jstone", "first_name": "", "last_name": "", "email": "", "is_staff": false, "is_active": true, "date_joined": "2020-08-06T04:04:23.697Z", "groups": [], "user_permissions": []}}, {"model": "auth.user", "pk": 10, "fields": {"password": "pbkdf2_sha256$216000$IPFdb91xPuDv$V8MUV3lQUoIIoVGwnC4UIzifOly5jdZ7iv8hvkw3lLc=", "last_login": "2020-08-06T04:12:33.018Z", "is_superuser": false, "username": "ppriya", "first_name": "", "last_name": "", "email": "", "is_staff": false, "is_active": true, "date_joined": "2020-08-06T04:12:32.898Z", "groups": [], "user_permissions": []}}, {"model": "auth.user", "pk": 11, "fields": {"password": "pbkdf2_sha256$216000$d4L2ZhGGkmt7$SkbdPZy5tDNsLHfoqfGflZ22NAf2wtGxIel+Fz3DrpY=", "last_login": "2020-08-06T04:13:02.640Z", "is_superuser": false, "username": "mwong", "first_name": "", "last_name": "", "email": "", "is_staff": false, "is_active": true, "date_joined": "2020-08-06T04:13:02.523Z", "groups": [], "user_permissions": []}}, {"model": "auth.user", "pk": 12, "fields": {"password": "pbkdf2_sha256$216000$0rJf33TWtVU7$m2/jX3nipALwWQo0HBkqVJ81FY/T+r0Hg74l8HTYrGk=", "last_login": "2020-08-06T04:13:26.885Z", "is_superuser": false, "username": "pstan", "first_name": "", "last_name": "", "email": "", "is_staff": false, "is_active": true, "date_joined": "2020-08-06T04:13:26.768Z", "groups": [], "user_permissions": []}}, {"model": "contenttypes.contenttype", "pk": 1, "fields": {"app_label": "admin", "model": "logentry"}}, {"model": "contenttypes.contenttype", "pk": 2, "fields": {"app_label": "auth", "model": "permission"}}, {"model": "contenttypes.contenttype", "pk": 3, "fields": {"app_label": "auth", "model": "group"}}, {"model": "contenttypes.contenttype", "pk": 4, "fields": {"app_label": "auth", "model": "user"}}, {"model": "contenttypes.contenttype", "pk": 5, "fields": {"app_label": "contenttypes", "model": "contenttype"}}, {"model": "contenttypes.contenttype", "pk": 6, "fields": {"app_label": "sessions", "model": "session"}}, {"model": "contenttypes.contenttype", "pk": 7, "fields": {"app_label": "main_app", "model": "post"}}, {"model": "contenttypes.contenttype", "pk": 8, "fields": {"app_label": "main_app", "model": "city"}}, {"model": "contenttypes.contenttype", "pk": 9, "fields": {"app_label": "main_app", "model": "profile"}}, {"model": "sessions.session", "pk": "39izazcm8t1joh2qoh6tox8tps4lqoun", "fields": {"session_data": "e30:1k3PIw:Jzezh5z2MRDwGV0CzbJcuwBO6P2THalnL-uejnxPlqM", "expire_date": "2020-08-19T19:42:26.090Z"}}, {"model": "sessions.session", "pk": "6hfxjxwejlv2gp2hvcz018f0flqxeq1x", "fields": {"session_data": "e30:1k3PJc:F_6GBenAxPGRzWP5XqslHduFwPWlvQ0TkugQJgxJfT8", "expire_date": "2020-08-19T19:43:08.699Z"}}, {"model": "sessions.session", "pk": "9lk8rqhb4cdien77ijs9huf5zkoa6nw6", "fields": {"session_data": ".eJxVjEEOwiAQRe_C2hBgUgZcuvcMZIBBqgaS0q6Md9cmXej2v_f-SwTa1hq2wUuYszgLL06_W6T04LaDfKd26zL1ti5zlLsiDzrktWd-Xg7376DSqN8ai55K0eAMJMMQwaGxzvhEyDZ5UIqs0xHRT6Q0UjQOGYxnKMqSZ_H-AMmNNyc:1k3XYo:kmNYf6PywA7Rh-rnbqZFMlsAlvwLjdDetkNmqOZo2Z0", "expire_date": "2020-08-20T04:31:22.771Z"}}, {"model": "main_app.profile", "pk": 3, "fields": {"user": 9, "city": "Boston", "image": "default_image.jpg", "display_name": "J-Stone"}}, {"model": "main_app.profile", "pk": 4, "fields": {"user": 10, "city": "Sacramento", "image": "default_image.jpg", "display_name": "ppriya"}}, {"model": "main_app.profile", "pk": 5, "fields": {"user": 11, "city": "NYC", "image": "default_image.jpg", "display_name": "mwong"}}, {"model": "main_app.profile", "pk": 6, "fields": {"user": 12, "city": "Miami", "image": "default_image.jpg", "display_name": "pstan"}}, {"model": "main_app.city", "pk": 3, "fields": {"name": "San Francisco", "country": "USA", "image": "default_image.jpg"}}, {"model": "main_app.city", "pk": 4, "fields": {"name": "Austin", "country": "USA", "image": "default_image.jpg"}}, {"model": "main_app.city", "pk": 5, "fields": {"name": "London", "country": "United Kingdom", "image": "default_image.jpg"}}, {"model": "main_app.city", "pk": 6, "fields": {"name": "Hong Kong", "country": "China", "image": "default_image.jpg"}}, {"model": "main_app.post", "pk": 3, "fields": {"profile": 3, "city": 3, "title": "Walk to Golden Gate Bridge", "content": "Outside of the Golden Gate Bridge, the quintessential SF tourist sites (Lombard St, Coit tower, Union Square, Powell st Cable Car, Ferry Building, Pier 39/FW) are walking distance. That being said the hills in SF can make a block seem twice as far. Also beware of the Tenderloin, one of the worst neighborhoods borders the most touristy area where most hotels are located - Union Square. My internal map of the Tenderloin is a triangle down Taylor St to Market, Market to Van ness and Van Ness to Geary and back to Taylor.", "created": "2020-08-06T04:19:21.334Z"}}, {"model": "main_app.post", "pk": 4, "fields": {"profile": 4, "city": 3, "title": "Bernal Heights Park", "content": "Bernal Heights Park is a good substitute for Twin Peaks, if you can't make it over there (like was the case for me and others). The view was nice from there, and you could see in all directions. Including being able to see(back then in 2014) the now demolished Candlestick Park.", "created": "2020-08-06T04:19:48.612Z"}}, {"model": "main_app.post", "pk": 5, "fields": {"profile": 5, "city": 3, "title": "Land's End", "content": "Agreed on Land's End/Sutro Baths. I spent one Saturday of my trip to SF walking from the Ferry Building along the waterfront all the way to Land's End, stopping at Pier 39 and briefly to take pics of the Golden Gate before continuing my walk to Land's End and Sutro Baths. One of the best wandering adventures I've ever had while traveling.\r\nDefinitely needed an Uber to get back to the hotel in SOMA though... my feet were hurting! :P", "created": "2020-08-06T04:20:10.793Z"}}, {"model": "main_app.post", "pk": 6, "fields": {"profile": 6, "city": 3, "title": "Michelin Star Restaurants", "content": "SF is one of the top culinary hot spots on the planet. 3 restaurants are on the top 50 list (tied with NYC and London) and plenty more restaurants hold at least 1 Michillin stars. There is definitely a trickle down to the casual stuff, it's tough for anybody to survive the high rents without bringing their A game. Most of SFs neighborhoods have unique bars and restaurants to go to so there isn't a huge reason to seek a restaurant. I would star a bunch of these that sound good on google and if you are near it then munch away. Here's a list of some city hot spots and some of my fave:", "created": "2020-08-06T04:20:40.763Z"}}, {"model": "main_app.post", "pk": 7, "fields": {"profile": 3, "city": 3, "title": "Coit Tower", "content": "My family and I were pleasantly surprised walking up to Coit Tower. Unfortunately, due to it being the first day of our trip and just wandering around without cash, we didn't actually venture up the elevator to the top ($7 for non-residents, $5 for residents) but just the walk up to it was beautiful.", "created": "2020-08-06T04:21:04.429Z"}}, {"model": "main_app.post", "pk": 8, "fields": {"profile": 4, "city": 3, "title": "Houses in SF", "content": "The houses all the way up were magnificent and cute, their was beautiful nature all around you, friendly residents that we stopped and chatted to for a bit, and the view from the top, although covered by trees if you don't go up to the top of the tower, gave a good view of all the harbours, alcatraz, golden gate bridge (and my families other preferred bridge which I'm unsure what it was called), and IIRC the skyline of downtown San Francisco.", "created": "2020-08-06T04:21:39.508Z"}}, {"model": "main_app.post", "pk": 9, "fields": {"profile": 5, "city": 3, "title": "Coit - Bernal", "content": "Funny you mention Coit Tower. I wanted to go up to the top of that, but in 2014 walked to where that tower was located, only to find it was closed for some sort of renovations being done to the inside at that time. At least I did find a lot of other points in the city allowing for at least some sort of view, including Bernal Heights Park. Liked how you could see all over the city and beyond, from there.", "created": "2020-08-06T04:22:11.725Z"}}, {"model": "main_app.post", "pk": 10, "fields": {"profile": 3, "city": 4, "title": "UT Campus", "content": "The UT campus is very pretty and if you're looking for a nice place to take a walk in the evening I would highly suggest wandering around the grounds. If you're used to college campuses then it might be nothing special, but it's something I enjoy doing.", "created": "2020-08-06T04:22:53.150Z"}}, {"model": "main_app.post", "pk": 11, "fields": {"profile": 4, "city": 4, "title": "6th St No Go", "content": "6th street is, in my opinion, the worst part of Austin. It's dirty and just kind of gross with bad vibes. East 6th is the nicer part if you're looking for nightlife, but the city is full of a ton of nice bars to explore so going near 6th isn't even necessarily imo. Disclaimer, I'm not big on night life so I won't be able to answer many questions there.", "created": "2020-08-06T04:23:33.327Z"}}, {"model": "main_app.post", "pk": 12, "fields": {"profile": 5, "city": 4, "title": "My Austin Favorites", "content": "The Capital also makes for a pleasant walk. It's a pretty building and is basically the gateway to downtown.\r\n\r\nZilker park is always worth a visit. Barton Springs is also worth it in the summer.\r\n\r\nFood trucks, food trucks, food trucks. There are so many and they're are some really great ones, but they can get kind of expensive.\r\n\r\nAustin is a fun city with a lot to do and plenty to eat. My favorite part about living here is the wide variety of good food we have.", "created": "2020-08-06T04:24:01.029Z"}}, {"model": "main_app.post", "pk": 13, "fields": {"profile": 6, "city": 4, "title": "Hiking", "content": "If you like hiking and own/rent a car, there are a plethora of sweet parks and hiking spots outside of town. My favorite was Goreman Falls, it's about a 1-1.5hr drive away from Austin. It has a unique waterfall that drips down a cliff that's covered in foliage.", "created": "2020-08-06T04:24:18.903Z"}}, {"model": "main_app.post", "pk": 14, "fields": {"profile": 3, "city": 4, "title": "South Congress", "content": "Wander South Congress. There's still some cool shops holding out against the corporate interests. Grab a margarita at Guero's (careful they're strong). Ignore the trendy new stuff, and hit up Vespaio - amazing Italian for 20 years. Browse at Allen's boots, even if you aren't into Lucchese. If you want to buy some boots at a good value check out the Tecovas showroom on the Eastside (only open for a few hours on Saturday).\r\nIf you have a political leaning, check out The Cloak room - the bar is practically underground and spitting distance from the Capital. When the lege is in session, it's a great place to overhear gossip from all the staffers. The bartenders can tell some good stories - but good luck getting any names.", "created": "2020-08-06T04:24:43.647Z"}}, {"model": "main_app.post", "pk": 15, "fields": {"profile": 4, "city": 4, "title": "Small Town Feel", "content": "I moved to Austin 3 years ago and love it because it's a city where you find everything and yet have a small town feeling (compared to the major metropolis where I lived before). Fully agree with everything people said about the food and attractions. Although Oasis is overrated and the food is not the best, I still bring out of town friends & family for the sunsets. The view is pretty amazing.", "created": "2020-08-06T04:25:22.357Z"}}, {"model": "main_app.post", "pk": 16, "fields": {"profile": 5, "city": 4, "title": "Getting Around", "content": "As for public transit, it's not the greatest. Traffic on I35 is horrible, making the situation worse. Definitely stay somewhere between 183 and Ben white if you want to try to use the buses. Getting anywhere between south Congress and UT is the best situation to ride the bus. I would get the capmetro app to buy bus tickets on your phone; it makes it way easier. If you're the active type, the downtown/lake austin area can be fun to navigate by bike. Uber and lyft also get really expensive if you're on 6th or Rainey. I would take a bus to get a few stops away from those areas and then call an uber to save some money.", "created": "2020-08-06T04:25:41.354Z"}}, {"model": "main_app.post", "pk": 17, "fields": {"profile": 6, "city": 4, "title": "Good Food", "content": "I went to Austin and few years ago and I ate at a restaurant called The Salty sow. It's highly irregular but I loved it so much I ate there a second time. Wonderful food!\r\n\r\nI just spent 15 minutes on Google trying to refund the name of the restaurant so I could pass on the good word a how I love Austin for that place.", "created": "2020-08-06T04:26:13.499Z"}}, {"model": "main_app.post", "pk": 18, "fields": {"profile": 4, "city": 4, "title": "Dev Down River", "content": "I was also really impressed with the development of the south side of the river. There's some really nice condos going up, of vibrant active community that walks the dogs runs and bikes and also some hipster like shops South of downtown South of the river. I'm a fan of Austin even though I live in California", "created": "2020-08-06T04:26:39.852Z"}}, {"model": "main_app.post", "pk": 19, "fields": {"profile": 3, "city": 6, "title": "Green Space", "content": "Hong Kong is probably the densest city on the planet, and it's something you take note of immediately. Space comes at premium. That being said, it offers an unbelievably large amount of recreational green space. From Central (what could be considered the main financial district), you are able to take a boat to some outlying Village in the middle of nowhere. You wouldn't believe you were in Hong Kong. It's literally a small village where the people all know each other, and almost live a lifestyle that might have been present in rural China decade ago. Yet when you look up, you can see the towering skyscrappers in the far distant background. It's almost mind blowing.", "created": "2020-08-06T04:27:08.756Z"}}, {"model": "main_app.post", "pk": 20, "fields": {"profile": 5, "city": 6, "title": "Favorite Markets", "content": "While I am not an expert, I have gone to Hong Kong several times over the last five years. I spent a month with my local friend a few years back and was there last fall.\r\n\r\nOne of my favorite things to do is visit the markets. It can be overwhelming but if you love people watching and just experiencing another culture I totally recommend it.\r\n\r\nMy favorite is Temple Street Night Market. There's tons of merchandise for sale and there's great little eateries lined along Temple Street. You pick out some fresh seafood from bins and they cook it up for you. A friend who's a restauranteur and chef in HK took me here and ever since then I go back.", "created": "2020-08-06T04:27:27.858Z"}}, {"model": "main_app.post", "pk": 21, "fields": {"profile": 4, "city": 6, "title": "Housing", "content": "Firstly, housing is extremely expensive in Hong Kong but the student residences are very cheap. An appartment in the city will usually be around US$ 600 upwards per month while you pay the same for the entire semester in the student resisdences. The residences are therefore in very high demand, so apply as soon as you can.\r\n\r\nsecondly, although Hong Kong used to be an English colony, not everyone can speak english. In fact many of the students will give you a puzzled look if you try talking to them in English. It's not a problem because there are enough students who can speak the language properly, but just something you should be aware of. In the rest of the city people very rarely speak english properly, but often good enough so you can use stores and restaurants.", "created": "2020-08-06T04:27:49.255Z"}}, {"model": "main_app.post", "pk": 22, "fields": {"profile": 6, "city": 6, "title": "Too Hot", "content": "If you do plan on going during the summer, for most it is disgustingly hot. You may also have to bring a sweater or something along those lines for indoors as you will notice a drastic drop in temperature whenever you enter an air-conditioned building. I noticed that every time I return to HK, I can get sick because of the temperature fluctuations.", "created": "2020-08-06T04:28:08.219Z"}}, {"model": "main_app.post", "pk": 23, "fields": {"profile": 3, "city": 5, "title": "Deals and Refunds", "content": "Refunds on Oyster.\r\n\r\nAfter your trip you can refund any unused PAYG cash and the £5 deposit on one of the large machines in any tube station. Tap the card on the yellow pad, select refund, tap again and watch the cash flow...\r\n\r\nIt's the nearest I've ever got to playing slots and it's very exciting. I've been rounding up all my old oyster cards and cashing them in... ok, I'm sad...\r\n\r\n\r\nI've wanted a London app like this for awhile. I'm in London 1-2 weeks at a time totaling about 2-3 months a year. We're often entertaining guests and up and out late at night. The app stores says its no longer available in the American Store. I can look it up but when I try to download it, I get an error message. Any suggestions?", "created": "2020-08-06T04:28:33.748Z"}}, {"model": "main_app.post", "pk": 24, "fields": {"profile": 4, "city": 5, "title": "Big Ben", "content": "Just to let you know before you get there and are disappointed, Big Ben is currently having a lot of work done and covered in scaffolding. You can't see anything but a single clock face. :(\r\n\r\nStill worth going to see the sights in that area. See The Palace Of Westminster (Parliament), Westminster Abbey, and then walk down Whitehall past all the monuments and Downing Street (where the prime minister lives), through Horseguards Parade and into St James Park on your walk to Buckingham Palace.", "created": "2020-08-06T04:28:48.721Z"}}, {"model": "main_app.post", "pk": 25, "fields": {"profile": 6, "city": 5, "title": "Tea at Museum", "content": "I would suggest getting afternoon tea and going to a museum. I highly recommend Bea's of Bloomsbury's St. Paul location (delicious and inexpensive - you can do \"cream tea\" for just a scone and tea or \"afternoon tea\" for all sorts of goodies), and then walking across the Millenium Bridge to the Tate Modern. (The big museums in London are free, so you don't have to budget for tickets or dedicate a certain amount of time to make sure you get your moneys worth.)", "created": "2020-08-06T04:29:07.854Z"}}, {"model": "main_app.post", "pk": 26, "fields": {"profile": 5, "city": 5, "title": "Walking Tours", "content": "I did the free walking tour of west London and the street art walking tour with Strawberry Tours and they were absolutely fantastic. The two guides I had were very knowledgeable and quite a pleasure to walk with and listen to.\r\n\r\nI spent a quiet afternoon walking in Highgate Cemetary and the surrounding park which was very nice and peaceful. Karl Marx and Douglas Adams are buried here. I would recommend this if you want something quite serene and relaxing.", "created": "2020-08-06T04:29:23.536Z"}}, {"model": "main_app.post", "pk": 27, "fields": {"profile": 6, "city": 5, "title": "Hostels", "content": "I found this thread looking for hostel advice...went with Clink78 based on comments like this and I have to say I was SO disappointed. Location is great, price is good, and staff was friendly, but the room/bed/bathroom situations were AWFUL. I've stayed in hostels before and wasn't expecting anything luxurious but jesus, the way they cram people in there is outrageous. I literally didn't have enough floor space to open my luggage and I had to army crawl in and out of bed since the beds are flush against one another and almost touching both walls. There was little ventilation or temperature control so the room got really musty and stunk to high heaven. I cancelled my reservation early and left to Generator. I'm much happier, except that they don't allow outside food. It's clear you're not alone in having loved Clink78 - I just don't get it. To each his own I guess!", "created": "2020-08-06T04:30:10.233Z"}}, {"model": "main_app.post", "pk": 28, "fields": {"profile": 3, "city": 5, "title": "Shoreditch", "content": "Definitely go to Shoreditch for the nightlife or if you like graffiti (take a graffiti walking tour if you are a fan).\r\n\r\n'The City' is worth visiting (City of London is a smaller city inside London, with its own mayor) - you will find St Paul's, Museum of London (highly recommend), Barbican (go inside, find the lake), Royal Court of Justice (an excellent piece of architecture, and sometimes public is allowed inside) there. The City is also the 'suits' district, so avoid peak hours (morning, lunchtime, 5-6pm) or even better go during the weekend.\r\n\r\nNot sure where you are from and know this trick, but remember to go off the larger streets into old narrow paths (central London is very safe), especially in the City. Also, look up. Eye level view is London today, while the second stories of the buildings and above reveal its history.", "created": "2020-08-06T04:30:28.958Z"}}, {"model": "main_app.post", "pk": 29, "fields": {"profile": 5, "city": 5, "title": "Southbank", "content": "Walk down Southbank (the royal festival hall to London bridge), it'll take you past the Tate modern, the globe theatre, borough market ( brilliant food there). London bridge isn't far from Shoreditch, and right by the station is the Shard. It's kind of expensive to go to the top (it's the tallest building in London) but the view is phenomenal. You can go up to the bar and restaurant for free. Then go to Covent Garden, there's a restaurant called the flat iron. It's a steak restaurant, they don't take bookings so its first come first served, their steak is £10 and then you buy sides for extra. They give you ice cream after for free. Honestly it's one of the best meals out I've had.", "created": "2020-08-06T04:30:49.749Z"}}]